{"cameraMode":{"drawMode":0,"name":"Shaded","section":"Shading Mode"},"sceneLighting":true,"audioPlay":false,"sceneViewState":{"showFog":true,"showMaterialUpdate":false,"showSkybox":true,"showFlares":true,"showImageEffects":true,"showParticleSystems":true},"in2DMode":false,"pivot":{"x":2.4768919944763185,"y":0.19222581386566163,"z":0.26489999890327456},"rotation":{"x":-0.020568741485476495,"y":0.9554237723350525,"z":-0.2864743173122406,"w":-0.06862244755029679},"size":3.5080552101135256,"orthographic":false}